{
  "num_leaves": 182,
  "max_depth": 3,
  "learning_rate": 0.03720958542228831,
  "n_estimators": 1523,
  "min_child_samples": 57,
  "subsample": 0.7112499928557962,
  "colsample_bytree": 0.7428934354495459,
  "reg_alpha": 9.703749333141192e-08,
  "reg_lambda": 0.0011734682667456156,
  "random_state": 42,
  "deterministic": true,
  "verbosity": -1,
  "n_jobs": -1
}