{
  "num_leaves": 208,
  "max_depth": 5,
  "learning_rate": 0.01724512988019716,
  "n_estimators": 1476,
  "min_child_samples": 32,
  "subsample": 0.6632954170297323,
  "colsample_bytree": 0.631169983607135,
  "reg_alpha": 2.966719747514119e-07,
  "reg_lambda": 0.0019931774600043155,
  "random_state": 42,
  "deterministic": true,
  "verbosity": -1,
  "n_jobs": -1
}