{
  "target_id": "ID02017501",
  "target_name": "铁矿石：进口：库存：长江沿江地区：45个港口（周度）",
  "trained_at": "2026-06-03 17:36:41",
  "optuna_trials": 50,
  "optimization_time_seconds": 202.63200974464417,
  "train_samples": 440,
  "feature_count": 3196,
  "validation_mda": 0.627906976744186,
  "test_mda": 0.5882352941176471,
  "test_rmse": 48.32369576158979,
  "best_params": {
    "num_leaves": 208,
    "max_depth": 5,
    "learning_rate": 0.01724512988019716,
    "n_estimators": 1476,
    "min_child_samples": 32,
    "subsample": 0.6632954170297323,
    "colsample_bytree": 0.631169983607135,
    "reg_alpha": 2.966719747514119e-07,
    "reg_lambda": 0.0019931774600043155,
    "random_state": 42,
    "deterministic": true,
    "verbosity": -1,
    "n_jobs": -1
  }
}