{
  "num_leaves": 74,
  "max_depth": 5,
  "learning_rate": 0.1486346119221734,
  "n_estimators": 792,
  "min_child_samples": 53,
  "subsample": 0.7471686256090194,
  "colsample_bytree": 0.5902374888867108,
  "reg_alpha": 0.008755788920927649,
  "reg_lambda": 0.010996066744808247,
  "random_state": 42,
  "deterministic": true,
  "verbosity": -1,
  "n_jobs": -1
}