{
  "target_id": "ID01516505",
  "target_name": "PB块：港口库存：华北地区：曹妃甸港：明细（周度）",
  "group": "C",
  "trained_at": "2026-06-04 15:01:27",
  "optuna_trials": 100,
  "optimization_time_seconds": 21.528530597686768,
  "train_samples": 348,
  "test_samples": 42,
  "feature_count": 300,
  "used_feature_selection": true,
  "original_mda": 0.6,
  "new_validation_mda": 0.7647058823529411,
  "new_test_mda": 0.6341463414634146,
  "new_test_rmse": 5.621036925559964,
  "mda_improvement": 0.034146341463414664,
  "best_params": {
    "num_leaves": 74,
    "max_depth": 5,
    "learning_rate": 0.1486346119221734,
    "n_estimators": 792,
    "min_child_samples": 53,
    "subsample": 0.7471686256090194,
    "colsample_bytree": 0.5902374888867108,
    "reg_alpha": 0.008755788920927649,
    "reg_lambda": 0.010996066744808247,
    "random_state": 42,
    "deterministic": true,
    "verbosity": -1,
    "n_jobs": -1
  }
}