{
  "num_leaves": 166,
  "max_depth": 5,
  "learning_rate": 0.04299927350600686,
  "n_estimators": 1580,
  "min_child_samples": 36,
  "subsample": 0.5714599507028314,
  "colsample_bytree": 0.6159305217841295,
  "reg_alpha": 3.213998479543983e-07,
  "reg_lambda": 0.0024077710427335536,
  "random_state": 42,
  "deterministic": true,
  "verbosity": -1,
  "n_jobs": -1
}