{
  "num_leaves": 214,
  "max_depth": 4,
  "learning_rate": 0.044030536955851456,
  "n_estimators": 1735,
  "min_child_samples": 28,
  "subsample": 0.6825097130360274,
  "colsample_bytree": 0.525172185152728,
  "reg_alpha": 1.211273896014407e-06,
  "reg_lambda": 0.0001510833044273633,
  "random_state": 42,
  "deterministic": true,
  "verbosity": -1,
  "n_jobs": -1
}