{
  "target_id": "ID01516505",
  "target_name": "PB块：港口库存：华北地区：曹妃甸港：明细（周度）",
  "trained_at": "2026-06-03 18:13:46",
  "optuna_trials": 50,
  "optimization_time_seconds": 166.63630485534668,
  "train_samples": 370,
  "feature_count": 3196,
  "validation_mda": 0.5833333333333334,
  "test_mda": 0.6382978723404256,
  "test_rmse": 5.408017421358952,
  "best_params": {
    "num_leaves": 214,
    "max_depth": 4,
    "learning_rate": 0.044030536955851456,
    "n_estimators": 1735,
    "min_child_samples": 28,
    "subsample": 0.6825097130360274,
    "colsample_bytree": 0.525172185152728,
    "reg_alpha": 1.211273896014407e-06,
    "reg_lambda": 0.0001510833044273633,
    "random_state": 42,
    "deterministic": true,
    "verbosity": -1,
    "n_jobs": -1
  }
}