{
  "target_id": "ID00186278",
  "target_name": "块矿：库存：45个港口（周度）",
  "trained_at": "2026-06-03 17:43:30",
  "optuna_trials": 50,
  "optimization_time_seconds": 188.05999493598938,
  "train_samples": 444,
  "feature_count": 3196,
  "validation_mda": 0.6590909090909091,
  "test_mda": 0.5961538461538461,
  "test_rmse": 41.53705352675457,
  "best_params": {
    "num_leaves": 185,
    "max_depth": 5,
    "learning_rate": 0.016847367041520674,
    "n_estimators": 1584,
    "min_child_samples": 48,
    "subsample": 0.6588933802450452,
    "colsample_bytree": 0.6541623944230656,
    "reg_alpha": 2.0743815092260776e-07,
    "reg_lambda": 0.00014928593359605255,
    "random_state": 42,
    "deterministic": true,
    "verbosity": -1,
    "n_jobs": -1
  }
}