{
  "num_leaves": 201,
  "max_depth": 5,
  "learning_rate": 0.006044232319615036,
  "n_estimators": 1523,
  "min_child_samples": 54,
  "subsample": 0.8049430581984515,
  "colsample_bytree": 0.6210582491405501,
  "reg_alpha": 7.594358601795644e-08,
  "reg_lambda": 0.0003351719103903224,
  "random_state": 42,
  "deterministic": true,
  "verbosity": -1,
  "n_jobs": -1
}