{
  "target_id": "ID02017483",
  "target_name": "铁矿石：进口：库存：华北地区：45个港口（周度）",
  "trained_at": "2026-05-29 15:51:12",
  "optuna_trials": 50,
  "optimization_time_seconds": 222.8914909362793,
  "train_samples": 471,
  "feature_count": 3184,
  "validation_mda": 0.8636363636363636,
  "test_mda": 0.7924528301886793,
  "test_mape": 0.028300571024244322,
  "best_params": {
    "num_leaves": 201,
    "max_depth": 5,
    "learning_rate": 0.006044232319615036,
    "n_estimators": 1523,
    "min_child_samples": 54,
    "subsample": 0.8049430581984515,
    "colsample_bytree": 0.6210582491405501,
    "reg_alpha": 7.594358601795644e-08,
    "reg_lambda": 0.0003351719103903224,
    "random_state": 42,
    "deterministic": true,
    "verbosity": -1,
    "n_jobs": -1
  }
}