{
  "num_leaves": 56,
  "max_depth": 4,
  "learning_rate": 0.005819566156555786,
  "n_estimators": 1279,
  "min_child_samples": 20,
  "subsample": 0.5336416485377666,
  "colsample_bytree": 0.7985795481831063,
  "reg_alpha": 3.0738486319006224,
  "reg_lambda": 2.1276121157817784,
  "random_state": 42,
  "deterministic": true,
  "verbosity": -1,
  "n_jobs": -1
}