{
  "target_id": "ID01512786",
  "target_name": "铁矿石：进口：库存：47个港口（周度）",
  "group": "B",
  "trained_at": "2026-06-04 14:57:39",
  "optuna_trials": 100,
  "optimization_time_seconds": 21.218108654022217,
  "train_samples": 136,
  "test_samples": 51,
  "feature_count": 205,
  "used_feature_selection": true,
  "original_mda": 0.6226,
  "new_validation_mda": 0.9230769230769231,
  "new_test_mda": 0.66,
  "new_test_rmse": 146.0831987120209,
  "mda_improvement": 0.03739999999999999,
  "best_params": {
    "num_leaves": 63,
    "max_depth": 4,
    "learning_rate": 0.24460569975670912,
    "n_estimators": 1576,
    "min_child_samples": 26,
    "subsample": 0.8951430989761531,
    "colsample_bytree": 0.6779301298644853,
    "reg_alpha": 0.010493425690552432,
    "reg_lambda": 0.7347127818850997,
    "random_state": 42,
    "deterministic": true,
    "verbosity": -1,
    "n_jobs": -1
  }
}