{
  "num_leaves": 187,
  "max_depth": 3,
  "learning_rate": 0.015980468070375942,
  "n_estimators": 1770,
  "min_child_samples": 59,
  "subsample": 0.5490362807495142,
  "colsample_bytree": 0.5377949510385807,
  "reg_alpha": 1.1795523808616394e-07,
  "reg_lambda": 0.00043036491422384824,
  "random_state": 42,
  "deterministic": true,
  "verbosity": -1,
  "n_jobs": -1
}