{
  "target_id": "ID01517220",
  "target_name": "卡拉加斯粉：港口库存：长江沿江地区：江阴港：明细（周度）",
  "trained_at": "2026-05-29 16:08:59",
  "optuna_trials": 50,
  "optimization_time_seconds": 223.1863033771515,
  "train_samples": 393,
  "feature_count": 3184,
  "validation_mda": 0.6666666666666666,
  "test_mda": 0.5813953488372093,
  "test_mape": 5.118336465567614,
  "best_params": {
    "num_leaves": 187,
    "max_depth": 3,
    "learning_rate": 0.015980468070375942,
    "n_estimators": 1770,
    "min_child_samples": 59,
    "subsample": 0.5490362807495142,
    "colsample_bytree": 0.5377949510385807,
    "reg_alpha": 1.1795523808616394e-07,
    "reg_lambda": 0.00043036491422384824,
    "random_state": 42,
    "deterministic": true,
    "verbosity": -1,
    "n_jobs": -1
  }
}