{
  "target_id": "ID01517120",
  "target_name": "PB粉：港口库存：华东地区：青岛港：明细（周度）",
  "trained_at": "2026-06-03 18:01:27",
  "optuna_trials": 50,
  "optimization_time_seconds": 200.12383794784546,
  "train_samples": 366,
  "feature_count": 3196,
  "validation_mda": 0.6111111111111112,
  "test_mda": 0.45454545454545453,
  "test_rmse": 13.433094228595634,
  "best_params": {
    "num_leaves": 179,
    "max_depth": 7,
    "learning_rate": 0.0324585844201941,
    "n_estimators": 1723,
    "min_child_samples": 26,
    "subsample": 0.5525251865400138,
    "colsample_bytree": 0.5175734491573718,
    "reg_alpha": 1.3192925269114922e-06,
    "reg_lambda": 0.001492763630209353,
    "random_state": 42,
    "deterministic": true,
    "verbosity": -1,
    "n_jobs": -1
  }
}