{
  "num_leaves": 188,
  "max_depth": 5,
  "learning_rate": 0.019304232105373048,
  "n_estimators": 1428,
  "min_child_samples": 34,
  "subsample": 0.5724986186453078,
  "colsample_bytree": 0.6686650067741383,
  "reg_alpha": 1.8468905952605095e-07,
  "reg_lambda": 0.00034202505906204506,
  "random_state": 42,
  "deterministic": true,
  "verbosity": -1,
  "n_jobs": -1
}