{
  "target_id": "ID01517226",
  "target_name": "卡拉加斯粉：港口库存：华东地区：青岛港：明细（周度）",
  "trained_at": "2026-05-29 16:01:01",
  "optuna_trials": 50,
  "optimization_time_seconds": 236.41793513298035,
  "train_samples": 393,
  "feature_count": 3184,
  "validation_mda": 0.7027027027027027,
  "test_mda": 0.5849056603773585,
  "test_mape": 0.25117172058364906,
  "best_params": {
    "num_leaves": 188,
    "max_depth": 5,
    "learning_rate": 0.019304232105373048,
    "n_estimators": 1428,
    "min_child_samples": 34,
    "subsample": 0.5724986186453078,
    "colsample_bytree": 0.6686650067741383,
    "reg_alpha": 1.8468905952605095e-07,
    "reg_lambda": 0.00034202505906204506,
    "random_state": 42,
    "deterministic": true,
    "verbosity": -1,
    "n_jobs": -1
  }
}