{
  "num_leaves": 30,
  "max_depth": 6,
  "learning_rate": 0.014164599797432061,
  "n_estimators": 1561,
  "min_child_samples": 20,
  "subsample": 0.9298249375977756,
  "colsample_bytree": 0.589279964363258,
  "reg_alpha": 1.446719031660446,
  "reg_lambda": 0.010953114890618483,
  "random_state": 42,
  "deterministic": true,
  "verbosity": -1,
  "n_jobs": -1
}