{
  "target_id": "ID01517011",
  "target_name": "超特粉：港口库存：华北地区：曹妃甸港：明细（周度）",
  "trained_at": "2026-06-03 18:41:10",
  "optuna_trials": 50,
  "optimization_time_seconds": 133.5226867198944,
  "train_samples": 366,
  "feature_count": 3196,
  "train_mda": 0.9942363112391931,
  "validation_mda": 0.5555555555555556,
  "test_mda": 0.49056603773584906,
  "test_rmse": 15.358172828220777,
  "best_params": {
    "num_leaves": 178,
    "max_depth": 4,
    "learning_rate": 0.02099093176377813,
    "n_estimators": 1448,
    "min_child_samples": 52,
    "subsample": 0.5251020770314154,
    "colsample_bytree": 0.7985869293769366,
    "reg_alpha": 8.560090366777465e-07,
    "reg_lambda": 0.00023398735325638682,
    "random_state": 42,
    "deterministic": true,
    "verbosity": -1,
    "n_jobs": -1
  }
}