{
  "target_id": "ID01512783",
  "target_name": "铁精粉：进口：库存：47个港口（周度）",
  "trained_at": "2026-05-29 16:56:48",
  "optuna_trials": 50,
  "optimization_time_seconds": 102.67507719993591,
  "train_samples": 159,
  "feature_count": 3184,
  "validation_mda": 0.9285714285714286,
  "test_mda": 0.8113207547169812,
  "test_mape": 0.08402386118664416,
  "best_params": {
    "num_leaves": 210,
    "max_depth": 6,
    "learning_rate": 0.043912503838285356,
    "n_estimators": 1396,
    "min_child_samples": 31,
    "subsample": 0.8172526456574929,
    "colsample_bytree": 0.5453750194122491,
    "reg_alpha": 3.257501378412774e-07,
    "reg_lambda": 0.003990222585723799,
    "random_state": 42,
    "deterministic": true,
    "verbosity": -1,
    "n_jobs": -1
  }
}