{
  "target_id": "ID01512793",
  "target_name": "球团矿：进口：库存：47个港口（周度）",
  "group": "B",
  "trained_at": "2026-06-04 14:57:17",
  "optuna_trials": 100,
  "optimization_time_seconds": 23.592493295669556,
  "train_samples": 147,
  "test_samples": 49,
  "feature_count": 228,
  "used_feature_selection": true,
  "original_mda": 0.6604,
  "new_validation_mda": 0.7857142857142857,
  "new_test_mda": 0.5,
  "new_test_rmse": 16.590329383408,
  "mda_improvement": -0.1604,
  "best_params": {
    "num_leaves": 87,
    "max_depth": 3,
    "learning_rate": 0.16056237011208735,
    "n_estimators": 1710,
    "min_child_samples": 59,
    "subsample": 0.7815919227281918,
    "colsample_bytree": 0.6521856347269537,
    "reg_alpha": 0.034005039819913006,
    "reg_lambda": 1.1611565431130795,
    "random_state": 42,
    "deterministic": true,
    "verbosity": -1,
    "n_jobs": -1
  }
}