{
  "target_id": "ID02017483",
  "target_name": "铁矿石：进口：库存：华北地区：45个港口（周度）",
  "trained_at": "2026-06-03 17:29:40",
  "optuna_trials": 50,
  "optimization_time_seconds": 243.87980604171753,
  "train_samples": 442,
  "feature_count": 3196,
  "validation_mda": 0.7272727272727273,
  "test_mda": 0.5094339622641509,
  "test_rmse": 64.02090048156617,
  "best_params": {
    "num_leaves": 188,
    "max_depth": 5,
    "learning_rate": 0.008301293425385619,
    "n_estimators": 1548,
    "min_child_samples": 20,
    "subsample": 0.6403860713431955,
    "colsample_bytree": 0.6686650067741384,
    "reg_alpha": 4.4175073414715166e-07,
    "reg_lambda": 0.004863819468127397,
    "random_state": 42,
    "deterministic": true,
    "verbosity": -1,
    "n_jobs": -1
  }
}