{
  "target_id": "ID01516505",
  "target_name": "PB块：港口库存：华北地区：曹妃甸港：明细（周度）",
  "trained_at": "2026-05-29 17:23:50",
  "optuna_trials": 50,
  "optimization_time_seconds": 258.90739607810974,
  "train_samples": 393,
  "feature_count": 3184,
  "validation_mda": 0.6052631578947368,
  "test_mda": 0.6,
  "test_mape": 0.37577292163827813,
  "best_params": {
    "num_leaves": 174,
    "max_depth": 4,
    "learning_rate": 0.022116340451183568,
    "n_estimators": 1963,
    "min_child_samples": 59,
    "subsample": 0.5982126174124149,
    "colsample_bytree": 0.8008303668402134,
    "reg_alpha": 4.1046598686518814e-07,
    "reg_lambda": 0.00020037748395444204,
    "random_state": 42,
    "deterministic": true,
    "verbosity": -1,
    "n_jobs": -1
  }
}