{
  "target_id": "ID01512800",
  "target_name": "块矿：进口：库存：47个港口（周度）",
  "trained_at": "2026-05-29 16:53:30",
  "optuna_trials": 50,
  "optimization_time_seconds": 99.58068609237671,
  "train_samples": 159,
  "feature_count": 3184,
  "validation_mda": 0.9285714285714286,
  "test_mda": 0.6792452830188679,
  "test_mape": 0.03683010037534974,
  "best_params": {
    "num_leaves": 198,
    "max_depth": 7,
    "learning_rate": 0.05743556598741441,
    "n_estimators": 1764,
    "min_child_samples": 41,
    "subsample": 0.6628876963790976,
    "colsample_bytree": 0.758283488837714,
    "reg_alpha": 4.514449805645347e-07,
    "reg_lambda": 0.0010700341262982465,
    "random_state": 42,
    "deterministic": true,
    "verbosity": -1,
    "n_jobs": -1
  }
}