{
  "target_id": "ID01516560",
  "target_name": "PB块：港口库存：华东地区：青岛港：明细（周度）",
  "group": "C",
  "trained_at": "2026-06-04 15:01:04",
  "optuna_trials": 100,
  "optimization_time_seconds": 31.167346000671387,
  "train_samples": 349,
  "test_samples": 52,
  "feature_count": 300,
  "used_feature_selection": true,
  "original_mda": 0.6415,
  "new_validation_mda": 0.8235294117647058,
  "new_test_mda": 0.5098039215686274,
  "new_test_rmse": 11.41084991218493,
  "mda_improvement": -0.13169607843137254,
  "best_params": {
    "num_leaves": 40,
    "max_depth": 3,
    "learning_rate": 0.10255514745672659,
    "n_estimators": 1518,
    "min_child_samples": 23,
    "subsample": 0.8625075601262548,
    "colsample_bytree": 0.5491204090046566,
    "reg_alpha": 0.009900934423980873,
    "reg_lambda": 0.45249578105404964,
    "random_state": 42,
    "deterministic": true,
    "verbosity": -1,
    "n_jobs": -1
  }
}