{
  "num_leaves": 213,
  "max_depth": 3,
  "learning_rate": 0.027449152351033526,
  "n_estimators": 1625,
  "min_child_samples": 22,
  "subsample": 0.6831851588955976,
  "colsample_bytree": 0.5567904094775699,
  "reg_alpha": 1.5938673710957067e-07,
  "reg_lambda": 0.00019442596554707697,
  "random_state": 42,
  "deterministic": true,
  "verbosity": -1,
  "n_jobs": -1
}