{
  "target_id": "ID00186491",
  "target_name": "铁精粉：库存：45个港口（周度）",
  "trained_at": "2026-05-29 16:47:02",
  "optuna_trials": 50,
  "optimization_time_seconds": 313.29274582862854,
  "train_samples": 471,
  "feature_count": 3184,
  "validation_mda": 0.8409090909090909,
  "test_mda": 0.660377358490566,
  "test_mape": 0.0830460482865306,
  "best_params": {
    "num_leaves": 200,
    "max_depth": 3,
    "learning_rate": 0.056136519921092115,
    "n_estimators": 1864,
    "min_child_samples": 28,
    "subsample": 0.5612226012785683,
    "colsample_bytree": 0.5554898311043164,
    "reg_alpha": 9.919123481802806e-08,
    "reg_lambda": 0.0010502045248482618,
    "random_state": 42,
    "deterministic": true,
    "verbosity": -1,
    "n_jobs": -1
  }
}