{
  "target_id": "ID00414945",
  "target_name": "铁矿石：进口：库存：华东地区：45个港口（周度）",
  "trained_at": "2026-06-03 17:40:17",
  "optuna_trials": 50,
  "optimization_time_seconds": 210.0717339515686,
  "train_samples": 438,
  "feature_count": 3196,
  "validation_mda": 0.5581395348837209,
  "test_mda": 0.6415094339622641,
  "test_rmse": 66.11339149620004,
  "best_params": {
    "num_leaves": 163,
    "max_depth": 6,
    "learning_rate": 0.00967702877185552,
    "n_estimators": 1895,
    "min_child_samples": 49,
    "subsample": 0.734593687844637,
    "colsample_bytree": 0.6551181061130612,
    "reg_alpha": 3.428687008146341e-08,
    "reg_lambda": 0.0004771810913903191,
    "random_state": 42,
    "deterministic": true,
    "verbosity": -1,
    "n_jobs": -1
  }
}