{
  "train_mda": 0.9956043956043956,
  "train_mape": 0.0002628088811573443,
  "train_mae": 3.3535216122216607,
  "test_mda": 0.8490566037735849,
  "test_mape": 0.02872519861646459,
  "test_mae": 477.3755366678547,
  "y_range": [
    13657.900391,
    17187.519531
  ],
  "train_rows": 470,
  "test_rows": 56
}