{
  "num_leaves": 215,
  "max_depth": 5,
  "learning_rate": 0.039911251802642995,
  "n_estimators": 1428,
  "min_child_samples": 57,
  "subsample": 0.6370144040183091,
  "colsample_bytree": 0.7114644286659109,
  "reg_alpha": 4.5194763278899415e-07,
  "reg_lambda": 0.000271222670928733,
  "random_state": 42,
  "deterministic": true,
  "verbosity": -1,
  "n_jobs": -1
}