{
  "num_leaves": 170,
  "max_depth": 4,
  "learning_rate": 0.008611556324225259,
  "n_estimators": 1364,
  "min_child_samples": 33,
  "subsample": 0.7784159319104033,
  "colsample_bytree": 0.7659230652435188,
  "reg_alpha": 3.7994819491083096e-07,
  "reg_lambda": 0.0009317123722025587,
  "random_state": 42,
  "deterministic": true,
  "verbosity": -1,
  "n_jobs": -1
}