{
  "num_leaves": 169,
  "max_depth": 5,
  "learning_rate": 0.008811522368722915,
  "n_estimators": 1424,
  "min_child_samples": 45,
  "subsample": 0.5698317918302515,
  "colsample_bytree": 0.7593561956322181,
  "reg_alpha": 1.7098152898689778e-07,
  "reg_lambda": 0.001828740455980331,
  "random_state": 42,
  "deterministic": true,
  "verbosity": -1,
  "n_jobs": -1
}