{
  "target_id": "ID00186318",
  "target_name": "球团矿：进口：库存：45个港口（周度）",
  "trained_at": "2026-06-03 17:53:46",
  "optuna_trials": 50,
  "optimization_time_seconds": 194.66877627372742,
  "train_samples": 437,
  "feature_count": 3196,
  "validation_mda": 0.5813953488372093,
  "test_mda": 0.4716981132075472,
  "test_rmse": 14.934188031325007,
  "best_params": {
    "num_leaves": 169,
    "max_depth": 5,
    "learning_rate": 0.008811522368722915,
    "n_estimators": 1424,
    "min_child_samples": 45,
    "subsample": 0.5698317918302515,
    "colsample_bytree": 0.7593561956322181,
    "reg_alpha": 1.7098152898689778e-07,
    "reg_lambda": 0.001828740455980331,
    "random_state": 42,
    "deterministic": true,
    "verbosity": -1,
    "n_jobs": -1
  }
}