{
  "num_leaves": 92,
  "max_depth": 4,
  "learning_rate": 0.005041194380732766,
  "n_estimators": 1116,
  "min_child_samples": 55,
  "subsample": 0.9074476934383264,
  "colsample_bytree": 0.7587879477426845,
  "reg_alpha": 0.019809929690981127,
  "reg_lambda": 0.08073742354537261,
  "random_state": 42,
  "deterministic": true,
  "verbosity": -1,
  "n_jobs": -1
}