{
  "target_id": "ID01517226",
  "target_name": "卡拉加斯粉：港口库存：华东地区：青岛港：明细（周度）",
  "group": "C",
  "trained_at": "2026-06-04 15:04:01",
  "optuna_trials": 100,
  "optimization_time_seconds": 25.983121633529663,
  "train_samples": 343,
  "test_samples": 53,
  "feature_count": 300,
  "used_feature_selection": true,
  "original_mda": 0.5849,
  "new_validation_mda": 0.7941176470588235,
  "new_test_mda": 0.5,
  "new_test_rmse": 23.77535655773688,
  "mda_improvement": -0.08489999999999998,
  "best_params": {
    "num_leaves": 92,
    "max_depth": 4,
    "learning_rate": 0.005041194380732766,
    "n_estimators": 1116,
    "min_child_samples": 55,
    "subsample": 0.9074476934383264,
    "colsample_bytree": 0.7587879477426845,
    "reg_alpha": 0.019809929690981127,
    "reg_lambda": 0.08073742354537261,
    "random_state": 42,
    "deterministic": true,
    "verbosity": -1,
    "n_jobs": -1
  }
}