{
  "target_id": "ID01512786",
  "target_name": "铁矿石：进口：库存：47个港口（周度）",
  "trained_at": "2026-05-29 17:01:05",
  "optuna_trials": 50,
  "optimization_time_seconds": 129.75749516487122,
  "train_samples": 159,
  "feature_count": 3184,
  "validation_mda": 0.8571428571428571,
  "test_mda": 0.6226415094339622,
  "test_mape": 0.047571864490991114,
  "best_params": {
    "num_leaves": 200,
    "max_depth": 3,
    "learning_rate": 0.056136519921092115,
    "n_estimators": 1864,
    "min_child_samples": 28,
    "subsample": 0.5612226012785683,
    "colsample_bytree": 0.5554898311043164,
    "reg_alpha": 9.919123481802806e-08,
    "reg_lambda": 0.0010502045248482618,
    "random_state": 42,
    "deterministic": true,
    "verbosity": -1,
    "n_jobs": -1
  }
}