{
  "num_leaves": 172,
  "max_depth": 5,
  "learning_rate": 0.017998203418672507,
  "n_estimators": 1429,
  "min_child_samples": 56,
  "subsample": 0.650404456598277,
  "colsample_bytree": 0.6962621922357269,
  "reg_alpha": 7.128430658355947e-07,
  "reg_lambda": 0.0005591997202604994,
  "random_state": 42,
  "deterministic": true,
  "verbosity": -1,
  "n_jobs": -1
}