{
  "num_leaves": 200,
  "max_depth": 3,
  "learning_rate": 0.056136519921092115,
  "n_estimators": 1864,
  "min_child_samples": 28,
  "subsample": 0.5612226012785684,
  "colsample_bytree": 0.5554898311043164,
  "reg_alpha": 9.919123481802806e-08,
  "reg_lambda": 0.0010502045248482609,
  "random_state": 42,
  "deterministic": true,
  "verbosity": -1,
  "n_jobs": -1
}