{
  "target_id": "ID01516906",
  "target_name": "PB粉：港口库存：长江沿江地区：江阴港：明细（周度）",
  "trained_at": "2026-06-03 18:07:57",
  "optuna_trials": 50,
  "optimization_time_seconds": 173.1057050228119,
  "train_samples": 363,
  "feature_count": 3196,
  "validation_mda": 0.5833333333333334,
  "test_mda": 0.5961538461538461,
  "test_rmse": 8.060468908619102,
  "best_params": {
    "num_leaves": 200,
    "max_depth": 3,
    "learning_rate": 0.056136519921092115,
    "n_estimators": 1864,
    "min_child_samples": 28,
    "subsample": 0.5612226012785684,
    "colsample_bytree": 0.5554898311043164,
    "reg_alpha": 9.919123481802806e-08,
    "reg_lambda": 0.0010502045248482609,
    "random_state": 42,
    "deterministic": true,
    "verbosity": -1,
    "n_jobs": -1
  }
}