{
  "num_leaves": 164,
  "max_depth": 5,
  "learning_rate": 0.03583107060125511,
  "n_estimators": 1665,
  "min_child_samples": 45,
  "subsample": 0.5935001025545302,
  "colsample_bytree": 0.629633370343115,
  "reg_alpha": 2.294552356435613e-07,
  "reg_lambda": 0.00208610047703305,
  "random_state": 42,
  "deterministic": true,
  "verbosity": -1,
  "n_jobs": -1
}