{
  "num_leaves": 216,
  "max_depth": 5,
  "learning_rate": 0.014448920651563087,
  "n_estimators": 1942,
  "min_child_samples": 41,
  "subsample": 0.7579777360688189,
  "colsample_bytree": 0.7036721699561687,
  "reg_alpha": 2.485579067835945e-07,
  "reg_lambda": 0.007371904514840067,
  "random_state": 42,
  "deterministic": true,
  "verbosity": -1,
  "n_jobs": -1
}