{
  "target_id": "ID01516560",
  "target_name": "PB块：港口库存：华东地区：青岛港：明细（周度）",
  "trained_at": "2026-06-03 18:10:55",
  "optuna_trials": 50,
  "optimization_time_seconds": 174.42687392234802,
  "train_samples": 371,
  "feature_count": 3196,
  "validation_mda": 0.6216216216216216,
  "test_mda": 0.6037735849056604,
  "test_rmse": 10.796985247567745,
  "best_params": {
    "num_leaves": 163,
    "max_depth": 4,
    "learning_rate": 0.036929080022610396,
    "n_estimators": 1798,
    "min_child_samples": 30,
    "subsample": 0.7801728209780304,
    "colsample_bytree": 0.5338354336183062,
    "reg_alpha": 1.3853682723072061e-06,
    "reg_lambda": 0.000541946716169606,
    "random_state": 42,
    "deterministic": true,
    "verbosity": -1,
    "n_jobs": -1
  }
}