{
  "target_id": "ID01512793",
  "target_name": "球团矿：进口：库存：47个港口（周度）",
  "trained_at": "2026-06-03 17:56:57",
  "optuna_trials": 50,
  "optimization_time_seconds": 59.47283887863159,
  "train_samples": 153,
  "feature_count": 3196,
  "validation_mda": 0.7333333333333333,
  "test_mda": 0.4807692307692308,
  "test_rmse": 15.276372851162693,
  "best_params": {
    "num_leaves": 192,
    "max_depth": 7,
    "learning_rate": 0.02122956007379727,
    "n_estimators": 1422,
    "min_child_samples": 20,
    "subsample": 0.5428281561963725,
    "colsample_bytree": 0.5417580899891317,
    "reg_alpha": 6.362215043185296e-08,
    "reg_lambda": 0.008831484772627003,
    "random_state": 42,
    "deterministic": true,
    "verbosity": -1,
    "n_jobs": -1
  }
}