{
  "target_id": "ID01517224",
  "target_name": "卡拉加斯粉：港口库存：华北地区：曹妃甸港：明细（周度）",
  "trained_at": "2026-06-03 18:29:42",
  "optuna_trials": 50,
  "optimization_time_seconds": 138.552011013031,
  "train_samples": 369,
  "feature_count": 3196,
  "validation_mda": 0.6111111111111112,
  "test_mda": 0.5192307692307693,
  "test_rmse": 15.492730033317054,
  "best_params": {
    "num_leaves": 183,
    "max_depth": 4,
    "learning_rate": 0.024614358882758883,
    "n_estimators": 1447,
    "min_child_samples": 31,
    "subsample": 0.6233583341175771,
    "colsample_bytree": 0.6379859547411111,
    "reg_alpha": 9.085330567624942e-07,
    "reg_lambda": 0.00023502203704660053,
    "random_state": 42,
    "deterministic": true,
    "verbosity": -1,
    "n_jobs": -1
  }
}