{
  "num_leaves": 193,
  "max_depth": 7,
  "learning_rate": 0.007376122755329025,
  "n_estimators": 1481,
  "min_child_samples": 21,
  "subsample": 0.6095425420946605,
  "colsample_bytree": 0.6175960022803606,
  "reg_alpha": 8.524852519292175e-08,
  "reg_lambda": 0.004258297898388113,
  "random_state": 42,
  "deterministic": true,
  "verbosity": -1,
  "n_jobs": -1
}