{
  "num_leaves": 40,
  "max_depth": 5,
  "learning_rate": 0.05014806706304938,
  "n_estimators": 1391,
  "min_child_samples": 31,
  "subsample": 0.888228426347867,
  "colsample_bytree": 0.5446767938921808,
  "reg_alpha": 0.00415660079654028,
  "reg_lambda": 0.07906532479226591,
  "random_state": 42,
  "deterministic": true,
  "verbosity": -1,
  "n_jobs": -1
}