{
  "num_leaves": 175,
  "max_depth": 4,
  "learning_rate": 0.01737443254023779,
  "n_estimators": 1429,
  "min_child_samples": 55,
  "subsample": 0.5726884584909964,
  "colsample_bytree": 0.718894605139921,
  "reg_alpha": 1.5434209228174193e-07,
  "reg_lambda": 0.00022188708805842943,
  "random_state": 42,
  "deterministic": true,
  "verbosity": -1,
  "n_jobs": -1
}