{
  "num_leaves": 44,
  "max_depth": 5,
  "learning_rate": 0.010865912065140643,
  "n_estimators": 1314,
  "min_child_samples": 25,
  "subsample": 0.5672867106496196,
  "colsample_bytree": 0.5016861374082057,
  "reg_alpha": 2.713780500065788,
  "reg_lambda": 1.8612075426276473,
  "random_state": 42,
  "deterministic": true,
  "verbosity": -1,
  "n_jobs": -1
}