{
  "target_id": "ID01515465",
  "target_name": "铁精粉：港口库存：乌克兰→华东地区：岚山港：明细（周度）",
  "trained_at": "2026-06-03 18:35:20",
  "optuna_trials": 50,
  "optimization_time_seconds": 175.01177263259888,
  "train_samples": 373,
  "feature_count": 3196,
  "validation_mda": 0.7567567567567568,
  "test_mda": 0.4,
  "test_rmse": 8.33582178219197,
  "best_params": {
    "num_leaves": 215,
    "max_depth": 7,
    "learning_rate": 0.05684333728246932,
    "n_estimators": 1806,
    "min_child_samples": 41,
    "subsample": 0.7725054210933274,
    "colsample_bytree": 0.709706008587193,
    "reg_alpha": 7.96581723607037e-08,
    "reg_lambda": 0.0024077710427335536,
    "random_state": 42,
    "deterministic": true,
    "verbosity": -1,
    "n_jobs": -1
  }
}