{
  "num_leaves": 47,
  "max_depth": 3,
  "learning_rate": 0.06406316116125121,
  "n_estimators": 1130,
  "min_child_samples": 27,
  "subsample": 0.7255210315202526,
  "colsample_bytree": 0.5464789916982519,
  "reg_alpha": 0.7446905358437304,
  "reg_lambda": 0.0451051768306055,
  "random_state": 42,
  "deterministic": true,
  "verbosity": -1,
  "n_jobs": -1
}