{
  "target_id": "ID01517224",
  "target_name": "卡拉加斯粉：港口库存：华北地区：曹妃甸港：明细（周度）",
  "group": "C",
  "trained_at": "2026-06-04 15:04:33",
  "optuna_trials": 100,
  "optimization_time_seconds": 32.01716899871826,
  "train_samples": 346,
  "test_samples": 49,
  "feature_count": 300,
  "used_feature_selection": true,
  "original_mda": 0.5283,
  "new_validation_mda": 0.6764705882352942,
  "new_test_mda": 0.5416666666666666,
  "new_test_rmse": 17.560329165237583,
  "mda_improvement": 0.013366666666666638,
  "best_params": {
    "num_leaves": 29,
    "max_depth": 3,
    "learning_rate": 0.06988011000905064,
    "n_estimators": 1976,
    "min_child_samples": 29,
    "subsample": 0.7044063936669359,
    "colsample_bytree": 0.5313677218294357,
    "reg_alpha": 7.319573148215504,
    "reg_lambda": 0.09741063427081179,
    "random_state": 42,
    "deterministic": true,
    "verbosity": -1,
    "n_jobs": -1
  }
}