{
  "num_leaves": 15,
  "max_depth": 4,
  "learning_rate": 0.08419109629535133,
  "n_estimators": 1804,
  "min_child_samples": 59,
  "subsample": 0.6911471735880982,
  "colsample_bytree": 0.6290382960546504,
  "reg_alpha": 5.0037089219172275,
  "reg_lambda": 0.04053523509112246,
  "random_state": 42,
  "deterministic": true,
  "verbosity": -1,
  "n_jobs": -1
}