{
  "num_leaves": 201,
  "max_depth": 4,
  "learning_rate": 0.035654162477121644,
  "n_estimators": 1826,
  "min_child_samples": 34,
  "subsample": 0.7027537083530142,
  "colsample_bytree": 0.5012834064576969,
  "reg_alpha": 1.194441177203681e-07,
  "reg_lambda": 0.0002875948104380838,
  "random_state": 42,
  "deterministic": true,
  "verbosity": -1,
  "n_jobs": -1
}